"id_jogo","rodada","data","time_mandante","gols_mandante","gols_visitante","time_visitante","detalhes","pontos_mandante","pontos_visitante"
1,1,2003-03-29,"Guarani",4,2,"Vasco da Gama","Juninho 10', Creedence 12', 90+1'p, Wagner 56'; Marcelinho Carioca 16', Cadu 22'",3,0
2,1,2003-03-29,"Atlético-PR",2,0,"Grêmio","Roger 10'og, Ilan 11'",3,0
3,1,2003-03-30,"Goiás",2,2,"Paysandu","Dimba 35', Leandro Smith 78'; Jorginho 52', Wélber 57'",1,1
4,1,2003-03-30,"Corinthians",0,3,"Atlético-MG","Alexandre 17', Guilherme 23', Alessandro 47'",0,3
5,1,2003-03-30,"Flamengo",1,1,"Coritiba","André Bahia 90+1'; Aparecido Lima 73'",1,1
6,1,2003-03-30,"Criciúma",2,0,"Fluminense","Tico 8', Dejair 15'",3,0
7,1,2003-03-30,"Juventude",2,2,"São Paulo","Hugo 36', Geufer 89'; Luís Fabiano 53', Júlio Baptista 60'",1,1
8,1,2003-03-30,"Fortaleza",0,0,"Bahia","",1,1
9,1,2003-03-30,"Vitória",1,1,"Figueirense","Nádson 84'; Renato Santiago 18'",1,1
10,1,2003-03-30,"Cruzeiro",2,2,"São Caetano","Alex 37', 46'; Luís Carlos Capixaba 50', 89'",1,1
11,1,2003-03-30,"Internacional",1,1,"Ponte Preta","Diego Barcellos 86'; Jean Carlos 15'",1,1
12,1,2003-03-30,"Santos",2,2,"Paraná","Robinho 35', Nenê 75'; Renaldo 13', Marquinhos 28'",1,1
13,2,2003-04-05,"Fluminense",1,1,"Fortaleza","Rodolfo Bispo 60'; Fernandão 44'",1,1
14,2,2003-04-05,"Atlético-MG",0,0,"Santos","",1,1
15,2,2003-04-05,"Grêmio",3,1,"Guarani","Ânderson Lima 14', Christian Corrêa 70', Emerson 85'; Esquerdinha 62'",3,0
16,2,2003-04-05,"Coritiba",0,1,"Internacional","Flávio Luiz 75'",0,3
17,2,2003-04-06,"Bahia",1,2,"Flamengo","Fabinho 73'og; Felipe Loureiro 12'p, Fernando Baiano 89'",0,3
18,2,2003-04-06,"Vasco da Gama",6,4,"Goiás","Rodrigo Souza 4', Marcelinho Carioca 32', 90+3', Wecsley 63', Cadi 71', Anderson Costa 75'; Araújo 30', Dimba 47', 88'p, Fabão 51'",3,0
19,2,2003-04-06,"Figueirense",3,3,"Corinthians","Fanilo 8', 59'p, Evair 80'; Fábio Luciano 61', Liédson 67', César Belli 90+3'",1,1
20,2,2003-04-06,"São Paulo",2,4,"Cruzeiro","Luís Fabiano 48', 62'p; Alex 10', Deivid 14', 53'p, 68'p",0,3
21,2,2003-04-06,"Paysandu",1,2,"Vitória","Wélber 7'; Adaílton 6', Zé Roberto 65'",0,3
22,2,2003-04-06,"Ponte Preta",1,0,"Juventude","Sérgio Alves 19'",3,0
23,2,2003-04-06,"Paraná",3,0,"Atlético-PR","Fernandinho 10', Renaldo 23', Marquinhos 51'",3,0
24,2,2003-04-06,"São Caetano",3,2,"Criciúma","Denni 61', Serginho 71', Marcinho 85'; Delmer 24', Guilherme Weisheimer 74'",3,0
25,3,2003-04-12,"Corinthians",6,1,"Paysandu","Fábio Luciano 19', 21', Liédson 22', Leandro Azevedo 31', Fabinho 40', Carlos Renato 87'; Robgol 55'",3,0
26,3,2003-04-12,"Internacional",2,0,"Bahia","Wilson 3', Nilmar 75'",3,0
27,3,2003-04-12,"Atlético-PR",1,2,"Atlético-MG","Ilan 73'; Alexandre 69', Alessandro 85'",0,3
28,3,2003-04-12,"Santos",2,0,"Figueirense","Elano 33', Ricardo Oliveira 81'",3,0
29,3,2003-04-13,"Cruzeiro",3,0,"Ponte Preta","Deivid 48', 90+1', Aristizábal 59'",3,0
30,3,2003-04-13,"Vitória",2,1,"Vasco da Gama","Adaílton 17', Samir 80'; Marcelinho Carioca 12'",3,0
31,3,2003-04-13,"Flamengo",4,1,"Fluminense","Zé Carlos 5', 11', Fábio Baiano 46', Fernando Baiano 63'; Carlos Alberto Jesus 32'",3,0
32,3,2003-04-13,"Criciúma",1,1,"São Paulo","Luciano Almeida 40'; Luís Fabiano 6'",1,1
33,3,2003-04-13,"Fortaleza",1,1,"São Caetano","Dude 29'; Zé Carlos 23'",1,1
34,3,2003-04-13,"Juventude",2,1,"Coritiba","Michel 68', Gustavo Martins 69'; Tcheco 90+3'p",3,0
35,3,2003-04-13,"Guarani",2,0,"Paraná","Alex Meschini 25', Wagner 88'",3,0
36,3,2003-04-13,"Goiás",1,1,"Grêmio","Fabão 8'; Roberto 25'",1,1
37,4,2003-04-09,"Paysandu",2,1,"Santos","Wélber 46', 76'; Robinho 38'",3,0
38,4,2003-04-16,"São Caetano",1,1,"Flamengo","Zé Carlos 39'; Fernando Diniz 62'",1,1
39,4,2003-04-16,"Vasco da Gama",2,2,"Corinthians","Rodrigo Souza 1', Marcelinho Carioca 14'p; Rogério Régis 44'p, Kléber 61'",1,1
40,4,2003-04-16,"Bahia",3,1,"Juventude","Jair 42', Lino 66', Pretto 82'; Geufer 29'",3,0
41,4,2003-04-16,"Grêmio",2,1,"Vitória","Gilberto 72', Aderaldo 85'og; Nádson 70'",3,0
42,4,2003-04-16,"Coritiba",3,4,"Cruzeiro","Aparecido Lima 16', Marco Brito 57'p, Alexandre Fávaro 79'; Aristizábal 6', 31', 85', Deivid 56'",0,3
43,4,2003-04-16,"Atlético-MG",3,2,"Guarani","Lúcio Flávio 12', Scheidt 57', Guilherme 89'; Creedence 60', 90+2'",3,0
44,4,2003-04-16,"Figueirense",1,1,"Atlético-PR","Luiz Fernando Acuña 73'; Dagoberto 41'",1,1
45,4,2003-04-16,"Ponte Preta",1,1,"Criciúma","Luís Carlos 90+1'; Cametá 66'",1,1
46,4,2003-04-17,"Fluminense",3,1,"Internacional","Sorato 3', 26', Lopes 87'; André Neles 45'p",3,0
47,4,2003-04-17,"Paraná",3,1,"Goiás","Renaldo 17', Caio 23', Flávio Guilherme 80'; Fabão 65'",3,0
48,4,2003-04-17,"São Paulo",3,1,"Fortaleza","Ricardinho 4', Reinaldo Oliveira 9', Gabriel 88'; Chiquinho 15'",3,0
49,5,2003-04-19,"Flamengo",0,2,"Santos","Léo 18', Elano 60'",0,3
50,5,2003-04-19,"Bahia",2,4,"Atlético-MG","Jair 16', Nonato 48'; Guilherme 19', 27', Alexandre 35', André Luís Nascimento 61'",0,3
51,5,2003-04-19,"São Caetano",1,1,"Grêmio","Marcinho 17'; Christian Corrêa 33'",1,1
52,5,2003-04-20,"São Paulo",3,1,"Vasco da Gama","Luís Fabiano 29', Willamis Souza 39', Rogério Ceni 87'; Marcelinho Carioca 55'",3,0
53,5,2003-04-20,"Fluminense",0,0,"Paraná","",1,1
54,5,2003-04-20,"Cruzeiro",4,1,"Goiás","Alex 20', 88', Deivid 41', 90'; Dimba 66'",3,0
55,5,2003-04-20,"Internacional",2,1,"Corinthians","André Neles 42', 79'; Gil 12'",3,0
56,5,2003-04-20,"Ponte Preta",4,4,"Paysandu","Gabriel Nascimento 9', Sérgio Alves 37', 66', 74'; Robgol 7', Wélber 32', 77', Jorginho 81'",1,1
57,5,2003-04-20,"Fortaleza",1,0,"Atlético-PR","Chiquinho 28'",3,0
58,5,2003-04-20,"Juventude",1,1,"Vitória","Michel 84'; Nádson 82'",1,1
59,5,2003-04-20,"Criciúma",1,0,"Guarani","Tico 52'",3,0
60,5,2003-04-21,"Coritiba",1,0,"Figueirense","Marco Brito 58'",3,0
61,6,2003-04-26,"Paraná",3,1,"Bahia","Emerson 35', Marquinhos 59', Caio 61'; Pretto 34'",3,0
62,6,2003-04-26,"Guarani",1,1,"Cruzeiro","Wagner 66'; Deivid 87'p",1,1
63,6,2003-04-26,"Vitória",0,3,"Internacional","Flávio Luiz 2', Nilmar 78', 82'",0,3
64,6,2003-04-26,"Atlético-MG",1,2,"Coritiba","André Luiz Nascimento 82'; Tcheco 37', Marco Brito 45+3'",0,3
65,6,2003-04-27,"Grêmio",0,1,"Fluminense","Fábio Bala 74'",0,3
66,6,2003-04-27,"Corinthians",1,1,"Flamengo","Liédson 54'; Athirson 36'",1,1
67,6,2003-04-27,"Vasco da Gama",1,0,"São Caetano","Marques 1'",3,0
68,6,2003-04-27,"Goiás",7,0,"Juventude","Danilo 1', 39', Dimba 18', 20', Caíco 25'p, Michel 61', Wando 82'",3,0
69,6,2003-04-27,"Paysandu",5,2,"São Paulo","Robgol 25', 27', 32', Lecheva 65', Iarley 75'; Reinaldo Oliveira 58', Luís Fabiano 86'",3,0
70,6,2003-04-27,"Santos",4,0,"Fortaleza","Renato Florêncio 34', 85', Nenê 51', Douglas 70'",3,0
71,6,2003-04-27,"Atlético-PR",5,2,"Criciúma","Ilan 42'p, Juliano 57', Luciano Santos 58', Dagoberto 80', Fernandinho 90'; Tico 27', Paulo Baier 31'",3,0
72,6,2003-04-27,"Figueirense",0,0,"Ponte Preta","",1,1
73,7,2003-05-03,"Flamengo",2,1,"Vitória","Jean Ferreira 22', Igor Freire 87'; Nádson 7'",3,0
74,7,2003-05-03,"Bahia",2,1,"Grêmio","Nonato 29', Jair 89'; Caio Decossau 42'",3,0
75,7,2003-05-03,"Cruzeiro",5,2,"Atlético-PR","Alex 6', 90', Aristizábal 23', 69', 85'; Ilan 19', Dagoberto 48'",3,0
76,7,2003-05-04,"Fluminense",0,0,"Vasco da Gama","",1,1
77,7,2003-05-04,"Fortaleza",1,2,"Corinthians","Fabrício Scamato 49'; Rogério Régis 67'p, Liédson 81'",0,3
78,7,2003-05-04,"São Paulo",3,2,"Figueirense","Luís Fabiano 55', 80', Gustavo Nery 90'; Sandro Hiroshi 14', Luiz Fernando Acuña 56'",3,0
79,7,2003-05-04,"São Caetano",2,0,"Paysandu","Anaílson 46', 69'",3,0
80,7,2003-05-04,"Internacional",2,1,"Goiás","Diego Gavilán 27', Flávio Luiz 90'p; Dimba 67'",3,0
81,7,2003-05-04,"Ponte Preta",2,1,"Atlético-MG","Vaguinho 68', Fabríco Carvalho 90'p; Fábio Júnior 90+3'p",3,0
82,7,2003-05-04,"Juventude",1,1,"Guarani","Fernando Menegazzo 1'; Rodrigão 63'",1,1
83,7,2003-05-04,"Coritiba",2,1,"Paraná","Edu Sales 65', Marcel 80'; Cristiano Avalos 31'",3,0
84,7,2003-05-04,"Criciúma",1,3,"Santos","Paulo Baier 50'; Nenê 34', 90+2', Robinho 57'",0,3
85,8,2003-05-10,"Goiás",1,1,"Flamengo","Dimba 58'; Fernando Baiano 11'",1,1
86,8,2003-05-10,"Corinthians",3,0,"Criciúma","Fabrício 42', Leandro Amaral 58', Fábio Luciano 82'",3,0
87,8,2003-05-10,"Santos",0,2,"Cruzeiro","Aristizábal 48', Mota 87'",0,3
88,8,2003-05-10,"Paraná",3,2,"Ponte Preta","Milton 11', Renaldo 69', Ageu 76'; Ageu 30'og, Fabrício Carvalho 57'",3,0
89,8,2003-05-11,"Vasco da Gama",1,1,"Bahia","Cadu 82'; Nonato 52'",1,1
90,8,2003-05-11,"Paysandu",2,2,"Fluminense","Wélber 6', Robgol 55'; César 35', Sorato 50'",1,1
91,8,2003-05-11,"Atlético-MG",2,2,"São Paulo","Ferrugem 10', Lúcio Flávio 65'; Luís Fabiano 21', Kaká 35'",1,1
92,8,2003-05-11,"Vitória",2,1,"Fortaleza","Dudu Cearense 3', Robson Luís 71'; Alysson 39'",3,0
93,8,2003-05-11,"Grêmio",1,0,"Coritiba","Christian Corrêa 43'",3,0
94,8,2003-05-11,"Guarani",3,0,"Internacional","Rodrigão 17'p, 72', Wilson 46'og",3,0
95,8,2003-05-11,"Atlético-PR",2,0,"Juventude","Ilan 13', 25'",3,0
96,8,2003-05-11,"Figueirense",3,0,"São Caetano","William Fabro 33', 86', Danilo 79'",3,0
97,9,2003-05-17,"Fluminense",3,0,"Figueirense","Jancarlos 4', Rodolfo Bispo 43', 51'",3,0
98,9,2003-05-17,"Juventude",1,1,"Santos","João Paulo Daniel 19'; Índio 33'og",1,1
99,9,2003-05-17,"São Caetano",2,0,"Atlético-MG","Scheidt 51'og, Luís Carlos Capixaba 82'",3,0
100,9,2003-05-18,"Bahia",2,0,"Paysandu","Nonato 48', 89'",3,0
101,9,2003-05-18,"São Paulo",2,0,"Paraná","Kaká 18', Aílton Correia 66'",3,0
102,9,2003-05-18,"Flamengo",1,1,"Guarani","Fernando Baiano 67'; Creedence 80'",1,1
103,9,2003-05-18,"Coritiba",1,1,"Vasco da Gama","Aparecido Lima 81'; Wellington Paulo 44'",1,1
104,9,2003-05-18,"Fortaleza",1,0,"Goiás","Vinícius de Abreu 62'",3,0
105,9,2003-05-18,"Cruzeiro",1,1,"Corinthians","Deivid 51'; Gil 32'",1,1
106,9,2003-05-18,"Ponte Preta",2,1,"Grêmio","Sérgio Alves 57', Romeu 63'; Rodrigo Fabri 21'",3,0
107,9,2003-05-18,"Criciúma",1,1,"Vitória","Luciano Ferreira 87'; Nádson 41'",1,1
108,9,2003-05-18,"Internacional",1,1,"Atlético-PR","Nilmar 27'; Dagoberto 7'",1,1
109,10,2003-05-24,"Atlético-MG",3,0,"Fluminense","Alexandre 23', Fábio Júnior 68', 72'",3,0
110,10,2003-05-24,"Corinthians",3,0,"Juventude","Gil 20', 53', Rogério Régis 57'",3,0
111,10,2003-05-24,"Vasco da Gama",1,0,"Ponte Preta","Wellington Paulo 87'p",3,0
112,10,2003-05-24,"Paraná",1,1,"São Caetano","Marcinho 13'; Marquinhos 35'",1,1
113,10,2003-05-25,"Atlético-PR",4,1,"Flamengo","Ilan 12', 17', 62', Adriano Vieira 57'; Fernando Baiano 49'",3,0
114,10,2003-05-25,"Paysandu",1,3,"Coritiba","Robgol 41'; Marcel 15', Edinho Baiano 24', Jackson 64'",0,3
115,10,2003-05-25,"Goiás",0,2,"Criciúma","Paulo Baier 49', Luciano Almeida 57'",0,3
116,10,2003-05-25,"Grêmio",1,2,"São Paulo","Ânderson Lima 33'; Júlio Baptista 8', Luís Fabiano 54'",0,3
117,10,2003-05-25,"Guarani",2,1,"Fortaleza","Rodrigão 37'p, Wágner 76'; Fabrício 60'",3,0
118,10,2003-05-25,"Figueirense",1,0,"Bahia","Léo Macaé 41'",3,0
119,10,2003-05-25,"Vitória",2,1,"Cruzeiro","Adaílton 42', Allann Delon 66'; Márcio 71'",3,0
120,10,2003-05-25,"Santos",2,1,"Internacional","Fabiano Costa 55', William 78'; Edu Silva 44'",3,0
121,11,2003-05-31,"Fluminense",2,1,"Atlético-PR","Sorato 8', Jadílson 52'; Ilan 85'",3,0
122,11,2003-05-31,"Internacional",2,1,"Paysandu","Wilson 46', Daniel Carvalho 83'; Wélber 21'",3,0
123,11,2003-05-31,"Cruzeiro",2,0,"Criciúma","Mota 63', Márcio 86'",3,0
124,11,2003-05-31,"Coritiba",3,2,"Guarani","Tcheco 58', Marcel 65', Aparecido Lima 75'; Rodrigão 27', 90+1'",3,0
125,11,2003-05-31,"Ponte Preta",0,0,"São Caetano","",1,1
126,11,2003-06-01,"Paraná",6,2,"Flamengo","Cristiano Ávalos 30', Ageu 43', Flávio Guilherme 46', Marquinhos 54', 61', Caio 90+1'; Fabiano Eller 24', Paulo Miranda 77'",3,0
127,11,2003-06-01,"Vasco da Gama",2,2,"Atlético-MG","Wellington Paulo 50', Ely Thadeu 74'; Fábio Júnior 12', Lúcio Flávio 80'",1,1
128,11,2003-06-01,"Bahia",2,1,"Goiás","Nonato 47', Luiz Fernando 88'; Dimba 29'",3,0
129,11,2003-06-01,"Corinthians",4,0,"Vitória","Liédson 39', 46', 63', 87'",3,0
130,11,2003-06-01,"Santos",3,2,"São Paulo","Diego Ribas 15', Fabiano Costa 57', Renato Florêncio 81'; Luís Fabiano 34'p, Rico 73'",3,0
131,11,2003-06-01,"Fortaleza",3,1,"Juventude","Kel 5', Marcos Paulo 40', Alysson 58'; Gustavo Martins 45+2'",3,0
132,11,2003-06-01,"Figueirense",2,1,"Grêmio","Pedro Alves 24', Evair 30'; Ânderson Lima 82'",3,0
133,12,2003-06-07,"Vitória",2,1,"Fluminense","Nadson 12', 18'; Sorato 89'",3,0
134,12,2003-06-07,"Guarani",1,2,"Santos","Wagner 31'; Douglas 74', Elano 77'",0,3
135,12,2003-06-07,"Grêmio",3,1,"Fortaleza","Carlos Miguel 19', Caio Decossau 77', Roberto 84'; Chiquinho 56'",3,0
136,12,2003-06-07,"Atlético-MG",1,1,"Figueirense","Ferrugem 27'; William Fabro 52'",1,1
137,12,2003-06-08,"Criciúma",1,0,"Internacional","Luciano Ferreira 72'",3,0
138,12,2003-06-08,"Juventude",0,0,"Vasco da Gama","",1,1
139,12,2003-06-08,"São Paulo",2,2,"Bahia","Reinaldo Oliveira 8', 76'; Nonato 66', 88'",1,1
140,12,2003-06-08,"Goiás",1,2,"Coritiba","Dimba 70'; Tcheco 9', Marcel 64'",0,3
141,12,2003-06-08,"São Caetano",1,0,"Corinthians","Marcinho 24'",3,0
142,12,2003-06-08,"Paysandu",3,0,"Paraná","Wélber 32', Robgol 36', Iarley 71'",3,0
143,12,2003-06-08,"Atlético-PR",4,2,"Ponte Preta","Rodriguinho 29', Adriano Vieira 67', Dagoberto 73', 85'; Sérgio Alves 11', Vaguinho 84'",3,0
144,12,2003-06-18,"Flamengo",3,0,"Cruzeiro","Zé Carlos 17', Jean Ferreira 19', Jônatas Domingos 66'",3,0
145,13,2003-06-14,"Coritiba",2,0,"Atlético-PR","Marcel 56', Nivaldo 88'",3,0
146,13,2003-06-14,"Fluminense",2,3,"Goiás","Carlos Alberto Jesus 17', Romário 90+1'; Araújo 11', Gil Baiano 20', Dimba 29'",0,3
147,13,2003-06-14,"Ponte Preta",0,2,"Guarani","Rodrigão 34', 58'",0,3
148,13,2003-06-15,"Bahia",2,1,"Vitória","Lino 19', Nonanto 58'; Nadson 34'",3,0
149,13,2003-06-15,"Vasco da Gama",1,2,"Flamengo","Cadu 9'; Zé Carlos 11', Cássio 87'",0,3
150,13,2003-06-15,"Corinthians",1,2,"São Paulo","Anderson 26'; Fábio Simplício 36', Jean Witte 58'",0,3
151,13,2003-06-15,"Fortaleza",1,2,"Paysandu","Vinícius de Abreu 53'; Robgol 62', Jorginho 84'",0,3
152,13,2003-06-15,"Paraná",1,2,"Juventude","Renaldo 61'; Marcus Vinícius 47', Luciano Ratinho 52'",0,3
153,13,2003-06-15,"Cruzeiro",0,0,"Atlético-MG","",1,1
154,13,2003-06-15,"Grêmio",0,0,"Internacional","",1,1
155,13,2003-06-15,"Santos",0,1,"São Caetano","Marcinho 79'",0,3
156,13,2003-06-15,"Criciúma",1,0,"Figueirense","Paulo Baier 66'p",3,0
157,14,2003-06-19,"Bahia",2,2,"Coritiba","Danilo Vergner 57', Luís Alberto 82'; Danilo 29', Tcheco 80'",1,1
158,14,2003-06-21,"Vasco da Gama",2,0,"Criciúma","Rodrigo Souza 51', Marcelinho Carioca 70'",3,0
159,14,2003-06-21,"Atlético-MG",3,2,"Grêmio","Alex Alves 27', 59', Paulinho 47'; Cláudio Pitbull 15', Caio Decossau 76'",3,0
160,14,2003-06-21,"São Paulo",1,0,"Goiás","Júlio Baptista 82'",3,0
161,14,2003-06-21,"Internacional",2,1,"Paraná","Flávio Luiz 11'p, André Cruz 35'; Wilson 22'og",3,0
162,14,2003-06-22,"Paysandu",2,2,"Flamengo","Iarley 12', Robgol 69'; Igor Freire 23', Zé Carlos 48'",1,1
163,14,2003-06-22,"Fluminense",5,2,"Guarani","Zada 23', Josafá 38', Romário 47', 58', 90'p; Marquinhos 55', 77'",3,0
164,14,2003-06-22,"Ponte Preta",3,3,"Corinthians","Nenê 14', Adrianinho 57', César Belli 75'og; Rogério Régis 63', 81', Liédson 83'",1,1
165,14,2003-06-22,"Figueirense",2,2,"Fortaleza","Léo Macaé 21', Luiz Fernando Acuña 61'; Kel 9', Vinícius de Abreu 12'",1,1
166,14,2003-06-22,"São Caetano",2,1,"Vitória","Marcinho 77', Adhemar Ferreira 78'; Nadson 45'",3,0
167,14,2003-06-22,"Juventude",0,1,"Cruzeiro","Mota 12'",0,3
168,14,2003-07-30,"Atlético-PR",0,2,"Santos","Nenê 52', Renato Florêncio 63'",0,3
169,15,2003-06-28,"Flamengo",0,2,"Figueirense","Luiz Fernando Acuña 67'p, Evair 86'p",0,3
170,15,2003-06-28,"Fortaleza",0,1,"Vasco da Gama","Marcelinho Carioca 31'",0,3
171,15,2003-06-28,"Coritiba",2,0,"São Caetano","Jackson 22', Reginaldo Nascimento 30'",3,0
172,15,2003-06-28,"Grêmio",1,4,"Juventude","Tinga 7'; Hugo 11', 66', Renato 43'og, Luciano Ratinho 77'",0,3
173,15,2003-06-28,"Santos",4,0,"Bahia","Douglas 14', William 16', Jerri 45'p, Fabiano Costa 74'",3,0
174,15,2003-06-29,"Corinthians",1,0,"Fluminense","Liédson 52'",3,0
175,15,2003-06-29,"Guarani",0,1,"São Paulo","Fábio Simplício 43'",0,3
176,15,2003-06-29,"Criciúma",2,0,"Paysandu","Alexandre 30', Jabá 63'",3,0
177,15,2003-06-29,"Vitória",1,0,"Atlético-PR","Nadson 61'",3,0
178,15,2003-06-29,"Paraná",1,1,"Atlético-MG","Pierre 11'; Fábio Júnior 5'",1,1
179,15,2003-06-29,"Cruzeiro",3,2,"Internacional","Deivid 28', 40', Alex 73'; Daniel Carvalho 54', Flávio Luiz 88'p",3,0
180,15,2003-07-30,"Goiás",0,0,"Ponte Preta","",1,1
181,16,2003-07-05,"Vasco da Gama",1,4,"Paraná","Edmundo 8'; Maurílio 30', Cristiano Ávalos 72', Fabinho 86', Fernandinho 90'",0,3
182,16,2003-07-05,"São Paulo",1,1,"São Caetano","Luís Fabiano 80'; Mateus 24'",1,1
183,16,2003-07-05,"Figueirense",1,0,"Cruzeiro","William Fabro 83'",3,0
184,16,2003-07-05,"Atlético-MG",3,2,"Paysandu","Fábio Júnior 17', Cicinho 35', Paulinho 80'; Robgol 68', Balão 76'",3,0
185,16,2003-07-06,"Juventude",1,1,"Internacional","Marcão 4'; Daniel Carvalho 32'",1,1
186,16,2003-07-06,"Grêmio",2,0,"Flamengo","Flávio 26', Ânderson Lima 32'",3,0
187,16,2003-07-06,"Fluminense",1,0,"Bahia","Carlos Alberto Jesus 73'p",3,0
188,16,2003-07-06,"Guarani",3,2,"Goiás","Paulão 25', 69', Alex Meschini 45'; Dimba 36', Araújo 57'",3,0
189,16,2003-07-06,"Atlético-PR",3,1,"Corinthians","Ilan 21', 39', 80'; Gil 86'",3,0
190,16,2003-07-06,"Fortaleza",0,1,"Criciúma","Cametá 59'",0,3
191,16,2003-07-06,"Vitória",1,4,"Ponte Preta","Alecsandro 22'; Roger 41', Jean Carlos 83', 90+2', Romeu 85'",0,3
192,16,2003-07-06,"Santos",3,1,"Coritiba","Jerri 35', Fabiano Costa 58', Preto 61'; Tcheco 81'",3,0
193,17,2003-07-09,"Cruzeiro",2,0,"Fortaleza","Cris 21', 90+1'",3,0
194,17,2003-07-09,"Bahia",2,0,"Guarani","Luiz Alberto 65', Danilo Vergner 81'",3,0
195,17,2003-07-09,"São Caetano",0,0,"Atlético-PR","",1,1
196,17,2003-07-09,"Flamengo",2,1,"Juventude","Rafael 26', Fernando Baiano 54'; Rafael Ledesma 90+2'",3,0
197,17,2003-07-09,"Internacional",2,1,"Vasco da Gama","Diego Barcellos 43', Flávio Luiz 49'; Valdir Bigode 73'",3,0
198,17,2003-07-09,"Goiás",1,1,"Vitória","Dimba 45'p; Dudu Cearense 62'",1,1
199,17,2003-07-09,"Coritiba",0,2,"São Paulo","Luís Fabiano 14', Jean Witte 24'",0,3
200,17,2003-07-09,"Corinthians",1,1,"Santos","Leandro Amaral 90'; Nenê 12'",1,1
201,17,2003-07-09,"Paysandu",1,0,"Figueirense","André Dias 81'",3,0
202,17,2003-07-10,"Paraná",3,1,"Grêmio","Ageu 45+1', Valentim 48', Renaldo 76'; Ânderson Lima 82'p",3,0
203,17,2003-07-10,"Ponte Preta",3,0,"Fluminense","Ronildo 45', Fabrício Carvalho 65', Jean Carlos 82'",3,0
204,17,2003-07-10,"Criciúma",1,0,"Atlético-MG","Cametá 43'",3,0
205,18,2003-07-12,"Atlético-PR",0,0,"Goiás","",1,1
206,18,2003-07-12,"Vasco da Gama",0,2,"Paysandu","Robgol 47', 80'p",0,3
207,18,2003-07-12,"Fortaleza",3,0,"Internacional","Finazzi 6', 55', Alysson 30'",3,0
208,18,2003-07-13,"Grêmio",0,1,"Cruzeiro","Aristizábal 16'",0,3
209,18,2003-07-13,"Atlético-MG",1,0,"Flamengo","Alex Alves 12'",3,0
210,18,2003-07-13,"Ponte Preta",1,0,"Bahia","Fabrício Carvalho 57'",3,0
211,18,2003-07-13,"Vitória",2,0,"Santos","Dudu Cearense 79'p, Gilmar 90+2'",3,0
212,18,2003-07-13,"Corinthians",0,1,"Coritiba","Marcel 55'",0,3
213,18,2003-07-13,"Criciúma",3,0,"Juventude","Paulo César Baier 74', Paulo César Souza 85', Luciano Almeida 86'",3,0
214,18,2003-07-13,"Figueirense",4,2,"Paraná","Léo Macaé 11', Pedro 36', Márcio Goiano 43', Danilo 82'; Marquinhos 41', 72'",3,0
215,18,2003-07-13,"São Caetano",0,2,"Guarani","Wágner 35', Alex Meschini 43'",0,3
216,18,2003-07-13,"Fluminense",1,3,"São Paulo","Sorato 31'p; Luís Fabiano 12', 85'p, Diego Tardelli 63'",0,3
217,19,2003-07-16,"Santos",2,1,"Ponte Preta","Ricardo Oliveira 41', André Luiz Garcia 50'; Jean Carlos 35'",3,0
218,19,2003-07-16,"Flamengo",0,2,"Fortaleza","Vinícius de Abreu 52', 90+4'",0,3
219,19,2003-07-16,"Cruzeiro",4,1,"Vasco da Gama","Deivid 10', 50', 68', Edu Dracena 18'; Rodrigo Souto 56'",3,0
220,19,2003-07-16,"Goiás",1,1,"Corinthians","Josué 28'; Fabinho 50'",1,1
221,19,2003-07-16,"Bahia",0,0,"São Caetano","",1,1
222,19,2003-07-16,"Guarani",2,2,"Vitória","Ruy 63', Simão 72'; Alecsandro 26', 38'",1,1
223,19,2003-07-16,"Internacional",3,3,"Atlético-MG","Daniel Carvalho 23', 45+1', Jefferson Feijão 87'; Guilherme 11', Alex Alves 30', Cicinho 86'",1,1
224,19,2003-07-16,"Juventude",1,2,"Figueirense","Luciano Ratinho 31'p; Cléber 20', Edmílson Matias 53'",0,3
225,19,2003-07-16,"Coritiba",3,0,"Fluminense","Marcel 37', 61', Edu Sales 85'",3,0
226,19,2003-07-17,"Paysandu",1,1,"Grêmio","Wélber 37'; Flávio 48'",1,1
227,19,2003-07-17,"São Paulo",2,0,"Atlético-PR","Rico 62', Gustavo Nery 88'",3,0
228,19,2003-07-31,"Paraná",2,1,"Criciúma","Cristiano Ávalos 25', Marquinhos 77'; Dejair 63'",3,0
229,20,2003-07-19,"Internacional",3,0,"Figueirense","Cleiton Xavier 15', Jefferson Feijão 34', Diego Gavilán 42'p",3,0
230,20,2003-07-19,"Fluminense",1,4,"Santos","Romário 29'; Elano 36', Nenê 45', Ricardo Oliveira 63', Jerri 90+1'",0,3
231,20,2003-07-19,"Corinthians",1,0,"Guarani","Abuda 29'",3,0
232,20,2003-07-19,"Fortaleza",4,3,"Atlético-MG","Vinícius de Abreu 2', 17'p, Alysson 40', Clodoaldo 65'; Tucho 33', Cicinho 39', Marcelo Silva 50'",3,0
233,20,2003-07-20,"Juventude",2,0,"Paysandu","Rafael Ledesma 30', Geufer 80'",3,0
234,20,2003-07-20,"Atlético-PR",2,1,"Bahia","Jackson 22', Dagoberto 51'; Nonato 28'",3,0
235,20,2003-07-20,"Cruzeiro",5,1,"Paraná","Cris 17', Aristizábal 29', 53', Alex 72', Leandro Wanderley 85'; Fernando Miguel 57'",3,0
236,20,2003-07-20,"Vasco da Gama",2,0,"Grêmio","Donizete 20', Rodrigo Souto 26'",3,0
237,20,2003-07-20,"Ponte Preta",1,1,"Coritiba","Fabrício Carvalho 16'; Reginaldo Nascimento 80'",1,1
238,20,2003-07-20,"Criciúma",4,3,"Flamengo","Leonardo 1', Léo Oliveira 4', 37', Paulo César Baier 23'; Andrezinho 57', Jean Ferreira 80', 86'",3,0
239,20,2003-07-20,"Goiás",2,1,"São Caetano","Dimba 78', 86'; Marcinho 70'",3,0
240,20,2003-07-20,"Vitória",0,2,"São Paulo","Fabiano Rodrigues 7', Rico 29'",0,3
241,21,2003-07-23,"Figueirense",0,0,"Vasco da Gama","",1,1
242,21,2003-07-23,"Atlético-MG",2,1,"Juventude","Marcelo Silva 71', Eduardo Scherpel 90+1'; Geufer 78'",3,0
243,21,2003-07-23,"Guarani",1,0,"Atlético-PR","Reinaldo Reis 59'",3,0
244,21,2003-07-23,"Santos",3,3,"Goiás","Jerri 28', Nenê 36', Ricardo Oliveira 60'; Fabão 42', Araújo 45+1', Dimba 68'",1,1
245,21,2003-07-23,"Bahia",0,0,"Corinthians","",1,1
246,21,2003-07-23,"Paraná",4,1,"Fortaleza","Renaldo 11', 19', Maurílio 39', Fernandinho 83'; Vinícius de Abreu 67'",3,0
247,21,2003-07-23,"Paysandu",3,0,"Cruzeiro","Magnum 54', Robgol 58', 86'",3,0
248,21,2003-07-24,"Coritiba",1,1,"Vitória","Souza 87'; Samir 63'",1,1
249,21,2003-07-24,"São Paulo",1,2,"Ponte Preta","Luís Fabiano 54'; Jean Carlos 44', Rafael Santos 90+2'",0,3
250,21,2003-07-24,"Flamengo",2,1,"Internacional","Fernando Baiano 41', Jean Ferreira 74'; Cidimar 29'",3,0
251,21,2003-07-24,"São Caetano",2,0,"Fluminense","Mateus 50', Zé Carlos 69'",3,0
252,21,2003-07-24,"Grêmio",0,2,"Criciúma","Leonardo 66', Luciano Almeida 81'",0,3
253,22,2003-07-26,"Santos",2,1,"Vasco da Gama","André Luiz Garcia 66', Daniel 79'; Marcelinho Carioca 55'",3,0
254,22,2003-07-26,"Goiás",1,1,"Atlético-MG","Dimba 53'; Guilherme 73'",1,1
255,22,2003-07-26,"Atlético-PR",1,1,"Paysandu","Jadson 44'; Zé Augusto 59'",1,1
256,22,2003-07-27,"Internacional",0,0,"São Caetano","",1,1
257,22,2003-07-27,"Fortaleza",2,3,"Ponte Preta","Vinícius de Abreu 45+1', Finazzi 59'; Fabrício Carvalho 5', 56', 82'",0,3
258,22,2003-07-27,"Cruzeiro",5,2,"Bahia","Edu Dracena 7', Aristizábal 45', 59'p, 71', Zinho 77'; Lino 64', Didi 70'",3,0
259,22,2003-07-27,"Vitória",0,3,"Paraná","Ageu 33', Renaldo 57', Marquinhos 68'",0,3
260,22,2003-07-27,"Criciúma",2,3,"Coritiba","Paulo César Baier 58'p, 75'; Ceará 1', Odvan 45', Marcel 72'p",0,3
261,22,2003-07-27,"Guarani",3,0,"Figueirense","Dinelson 7', 34', Gílson Santos 17'",3,0
262,22,2003-07-27,"Flamengo",1,1,"São Paulo","Anderson 90+1'; Diego Tardelli 31'",1,1
263,22,2003-07-27,"Juventude",2,1,"Fluminense","Marcão 19', Rafael Ledesma 58'; Jadílson 51'",3,0
264,22,2003-07-27,"Corinthians",1,0,"Grêmio","Carlos Renato 12'",3,0
265,23,2003-08-02,"Fluminense",2,2,"Cruzeiro","Cris 45'og, Marcão 88'; Aristizábal 13', Mota 41'",1,1
266,23,2003-08-02,"São Caetano",1,1,"Juventude","Tiago 11'; Geufer 90'",1,1
267,23,2003-08-02,"São Paulo",0,2,"Internacional","Wilson 47', Nilmar 80'",0,3
268,23,2003-08-02,"Grêmio",2,0,"Santos","George Lucas 2', Jorge Mutt 37'",3,0
269,23,2003-08-03,"Figueirense",0,1,"Goiás","Araújo 55'",0,3
270,23,2003-08-03,"Paraná",1,1,"Corinthians","Renaldo 1'; Fabinho 51'",1,1
271,23,2003-08-03,"Paysandu",6,1,"Guarani","Magnum 2', Jóbson 9', 17', 82', Borges Neto 76', Sandro Luz 90'; Wágner 40'",3,0
272,23,2003-08-03,"Coritiba",1,1,"Fortaleza","Marco Brito 26'; Finazzi 59'",1,1
273,23,2003-08-03,"Bahia",2,2,"Criciúma","Valdomiro 10', Nonato 73'; Leonardo 56', 82'",1,1
274,23,2003-08-03,"Ponte Preta",1,1,"Flamengo","Lauro 90+7'; Fábio Baiano 33'",1,1
275,23,2003-08-03,"Vasco da Gama",2,1,"Atlético-PR","Donizete 74', Da Silva 76'; Fabrício 89'",3,0
276,23,2003-08-03,"Atlético-MG",1,0,"Vitória","Guilherme 28'",3,0
277,24,2003-08-06,"Goiás",3,1,"Vasco da Gama","Gustavo Carvalho 46', Dimba 50', 58'p; Donizete 29'",3,0
278,24,2003-08-06,"Vitória",1,1,"Paysandu","Alecsandro 35'; Zé Augusto 85'",1,1
279,24,2003-08-06,"Atlético-PR",1,0,"Paraná","Rogério Corrêa 77'",3,0
280,24,2003-08-06,"Criciúma",0,1,"São Caetano","Adhemar 13'",0,3
281,24,2003-08-06,"Santos",3,3,"Atlético-MG","Elano 50', 59', Renato Florêncio 80'; Kim 13', Guilherme 30', Luiz Alberto 84'",1,1
282,24,2003-08-06,"Fortaleza",3,1,"Fluminense","Marcos Paulo 46', 75', Finazzi 85'; Romário 5'",3,0
283,24,2003-08-06,"Juventude",0,0,"Ponte Preta","",1,1
284,24,2003-08-06,"Cruzeiro",1,1,"São Paulo","Mota 76'; Gustavo Nery 50'",1,1
285,24,2003-08-07,"Flamengo",6,0,"Bahia","Fernando 45', Edílson 51' 68', 88', Rafael 65', 67'",3,0
286,24,2003-08-07,"Corinthians",0,1,"Figueirense","William Fabro 81'",0,3
287,24,2003-08-07,"Guarani",2,0,"Grêmio","Bruno Quadros 58', Alex Meschini 83'",3,0
288,24,2003-08-07,"Internacional",1,0,"Coritiba","Nilmar 58'",3,0
289,25,2003-08-09,"Fluminense",1,1,"Criciúma","Rodolfo Bispo 8'; Dejair 2'",1,1
290,25,2003-08-09,"São Paulo",3,1,"Juventude","Carlos Alberto Silveira 38', Diego Tardelli 40', 61'; Geufer 81'",3,0
291,25,2003-08-09,"São Caetano",2,0,"Cruzeiro","Marcinho 42', Serginho 54'",3,0
292,25,2003-08-09,"Paraná",1,2,"Santos","Renaldo 5'; Alex Rodrigo 4', 49'",0,3
293,25,2003-08-10,"Grêmio",1,1,"Atlético-PR","Caio Decossau 6'; Rogério Corrêa 88'",1,1
294,25,2003-08-10,"Paysandu",2,2,"Goiás","Lecheva 13', Sandro Luz 87'; Araújo 45+1', Gustavo Carvalho 70'",1,1
295,25,2003-08-10,"Ponte Preta",1,4,"Internacional","Gérson 18'; Diego Barcellos 5', Fernando Cardozo 55', Jefferson Feijão 66'",0,3
296,25,2003-08-10,"Coritiba",5,0,"Flamengo","Marcel 25', 56', Tcheco 44'p, Edu Sales 68', Roberto Brum 73'p",3,0
297,25,2003-08-10,"Vasco da Gama",0,0,"Guarani","",1,1
298,25,2003-08-10,"Atlético-MG",2,3,"Corinthians","Michel 40', Tucho 46'p; Rogério Régis 22', Gil 43', Robert Almeida 54'",0,3
299,25,2003-08-10,"Bahia",1,0,"Fortaleza","Danilo Vergner 69'",3,0
300,25,2003-08-10,"Figueirense",1,2,"Vitória","Luiz Fernando Acuña 15'; Nenê 35', Arivélton 89'",0,3
301,26,2003-08-16,"Vasco da Gama",1,0,"Vitória","Régis Pitbull 61'",3,0
302,26,2003-08-16,"Bahia",1,3,"Internacional","Didi 70'; Flávio 8'p, Nilmar 38', Edu Silva 62'",0,3
303,26,2003-08-16,"Atlético-MG",1,2,"Atlético-PR","Alex Alves 85'; Alex Mineiro 29', 35'",0,3
304,26,2003-08-16,"Figueirense",1,0,"Santos","Triguinho 85'",3,0
305,26,2003-08-16,"São Paulo",0,0,"Criciúma","played in Ribeirão Preto",1,1
306,26,2003-08-16,"Coritiba",1,0,"Juventude","Edu Sales 67'",3,0
307,26,2003-08-17,"Paysandu",2,2,"Corinthians","Aldrovani 19', Júnior Amorim 80'; Rogério Régis 44'p, 83'",1,1
308,26,2003-08-17,"Fluminense",0,1,"Flamengo","Jean Ferreira 61'´",0,3
309,26,2003-08-17,"São Caetano",3,0,"Fortaleza","Adhemar 7', Marcinho 62', Warley 79'",3,0
310,26,2003-08-17,"Ponte Preta",1,3,"Cruzeiro","Rafael Santos 37'; Aristizábal 34'p, Alex 43', Márcio Nobre 59'",0,3
311,26,2003-08-17,"Grêmio",0,1,"Goiás","Grafite 76'",0,3
312,26,2003-08-17,"Paraná",0,0,"Guarani","",1,1
313,27,2003-08-20,"Flamengo",1,0,"São Caetano","Jean Ferreira 14'",3,0
314,27,2003-08-20,"Santos",2,0,"Paysandu","Alex Rodrigo 62', Diego Ribas 64'",3,0
315,27,2003-08-20,"Corinthians",0,0,"Vasco da Gama","",1,1
316,27,2003-08-20,"Goiás",1,0,"Paraná","Grafite 22'",3,0
317,27,2003-08-20,"Fortaleza",0,2,"São Paulo","Kléber 33', Rico 88'",0,3
318,27,2003-08-20,"Juventude",1,0,"Bahia","Rafael Ledesma 23'p",3,0
319,27,2003-08-20,"Cruzeiro",2,2,"Coritiba","Márcio Nobre 30', Mota 70'; Tcheco 14', Marcel 18'p",1,1
320,27,2003-08-20,"Atlético-PR",1,2,"Figueirense","Rogério Correia 20'; Felipe Oliveira 10', Luciano Sorriso 79'",0,3
321,27,2003-08-20,"Vitória",4,1,"Grêmio","Alessandro Azevedo 11', Zé Roberto 32', Almir 40', Maestri 54'; George Lucas 13'",3,0
322,27,2003-08-21,"Criciúma",3,0,"Ponte Preta","Duílio 6', Dejair 43', 77'",3,0
323,27,2003-08-21,"Internacional",0,1,"Fluminense","Carlos Alberto Jesus 61'",0,3
324,27,2003-08-21,"Guarani",2,2,"Atlético-MG","Wagner 2', Rodrigão 56'p; André Luís Nascimento 17', Juninho 81'",1,1
325,28,2003-08-23,"Santos",2,1,"Flamengo","Elano 14', Alex Rodrigo 22'; Edílson 53'p",3,0
326,28,2003-08-23,"Grêmio",0,0,"São Caetano","",1,1
327,28,2003-08-23,"Atlético-PR",3,1,"Fortaleza","Luciano Santos 1', Daniel Horst 50', 83'; Fernandão 24'",3,0
328,28,2003-08-23,"Goiás",1,0,"Cruzeiro","Dimba 38'p",3,0
329,28,2003-08-24,"Vasco da Gama",3,2,"São Paulo","Beto 42', Henrique 62', Edmundo 66'; Luís Fabiano 50'p, 63'",3,0
330,28,2003-08-24,"Paysandu",3,2,"Ponte Preta","Aldrovani 19', Sandro Luz 32', Jorginho 69'; Ronildo 27', Piá 50'",3,0
331,28,2003-08-24,"Paraná",2,0,"Fluminense","played in Maringá] [Marquinhos 4', Renaldo 90+4'p",3,0
332,28,2003-08-24,"Corinthians",3,1,"Internacional","Wilson 51', 60', Jô 68'; Jéfferson Feijão 30'",3,0
333,28,2003-08-24,"Atlético-MG",1,0,"Bahia","Fábio Júnior 41'",3,0
334,28,2003-08-24,"Vitória",3,0,"Juventude","Zé Roberto 11', 58', Almir 13'",3,0
335,28,2003-08-24,"Figueirense",1,2,"Coritiba","William Fabro 72'; Danilo 34', Edu Sales 46'",0,3
336,28,2003-08-24,"Guarani",1,0,"Criciúma","Dinélson 75'",3,0
337,29,2003-08-30,"Fluminense",2,0,"Grêmio","played in Juiz de Fora] [Marcelo Macedo 38', Lopes 86'",3,0
338,29,2003-08-30,"Fortaleza",0,0,"Santos","",1,1
339,29,2003-08-30,"Cruzeiro",4,1,"Guarani","Alex 4', 37', 82', Aristizábal 53'; Ruy 82'",3,0
340,29,2003-08-30,"São Paulo",1,0,"Paysandu","played in São José do Rio Preto] [Luís Fabiano 67'",3,0
341,29,2003-08-30,"Internacional",0,1,"Vitória","Alecsandro 54'",0,3
342,29,2003-08-31,"São Caetano",1,0,"Vasco da Gama","Marcinho 60'",3,0
343,29,2003-08-31,"Juventude",0,2,"Goiás","Dimba 17', Wando 78'",0,3
344,29,2003-08-31,"Flamengo",1,0,"Corinthians","Jean Ferreira 61'",3,0
345,29,2003-08-31,"Coritiba",2,2,"Atlético-MG","Marcel 56', 75'; Juninho 66', Lúcio Flávio 86'p",1,1
346,29,2003-08-31,"Criciúma",2,0,"Atlético-PR","Léo Mineiro 71', Dejair 87'",3,0
347,29,2003-08-31,"Bahia",4,2,"Paraná","Valdomiro 2', Accioly 48', Jean Carlos Conceição 64', Lino 80'p; Renaldo 31'p, Vandinho 90'",3,0
348,29,2003-08-31,"Ponte Preta",1,1,"Figueirense","Darío Gigena 88'; Filipe Kasmirski 15'",1,1
349,30,2003-09-13,"Corinthians",2,0,"Fortaleza","Abuda 42', Jamelli 73'",3,0
350,30,2003-09-13,"Grêmio",1,1,"Bahia","Adriano 63'; Didi 53'",1,1
351,30,2003-09-13,"Santos",5,2,"Criciúma","William 1', 5', 16', Renato Florêncio 19', 22'; Dejair 2', 33'",3,0
352,30,2003-09-13,"Atlético-PR",1,4,"Cruzeiro","Fernandinho 56'; Alex 19'p, 33'p, Mota 27', 81'",0,3
353,30,2003-09-14,"Vitória",1,0,"Flamengo","Alessandro Azevedo 18'",3,0
354,30,2003-09-14,"Vasco da Gama",1,0,"Fluminense","Ozéia 86'",3,0
355,30,2003-09-14,"Goiás",3,1,"Internacional","Grafite 22', 56', Araújo 35'p; Edu Silva 66'",3,0
356,30,2003-09-14,"Figueirense",2,2,"São Paulo","Fernandinho 35', Sandro Gaúcho 81'; Luís Fabiano 73', Adriano Silvestre 78'",1,1
357,30,2003-09-14,"Atlético-MG",2,0,"Ponte Preta","Fábio Júnior 35', Kim 59'",3,0
358,30,2003-09-14,"Paysandu",1,0,"São Caetano","Wélber 9'",3,0
359,30,2003-09-14,"Guarani",2,0,"Juventude","Dinelson 53', Wagner 88'",3,0
360,30,2003-09-14,"Paraná",2,3,"Coritiba","Renaldo 31'p, Ceará 65'og; Willian 39', Aparecido Lima 67', Marcel 87'",0,3
361,31,2003-09-20,"Fluminense",1,1,"Paysandu","Joãozinho 17'; Aldrovani 65'",1,1
362,31,2003-09-20,"Internacional",2,0,"Guarani","Jefferson Feijão 30', 66'",3,0
363,31,2003-09-20,"Cruzeiro",3,0,"Santos","Aristizábal 14'p, 73', Felipe Mello 69'",3,0
364,31,2003-09-20,"Coritiba",1,0,"Grêmio","Helinho 76'",3,0
365,31,2003-09-20,"Ponte Preta",4,0,"Paraná","played in Santos] [Fabrício Carvalho 25'p, 78', Adrianinho 45', Jean Carlos 82'",3,0
366,31,2003-09-21,"Bahia",3,0,"Vasco da Gama","Didi 15', Lino 56', Accioly 59'",3,0
367,31,2003-09-21,"Criciúma",1,0,"Corinthians","Tico 1'",3,0
368,31,2003-09-21,"Fortaleza",1,0,"Vitória","played in Sobral] [Rena 41'",3,0
369,31,2003-09-21,"Flamengo",1,1,"Goiás","André Gomes 82'; Araújo 12'",1,1
370,31,2003-09-21,"Juventude",4,0,"Atlético-PR","Geufer 21', Leonardo Manzi 33', 45+1', Renatinho 73'",3,0
371,31,2003-09-21,"São Caetano",0,2,"Figueirense","Sandro Gaúcho 62', Márcio Goiano 78'",0,3
372,31,2003-09-21,"São Paulo",2,2,"Atlético-MG","Kléber 21', Rogério Cêni 24'; Alex Alves 7', Fábio Júnior 90+2'",1,1
373,32,2003-09-24,"Guarani",5,3,"Flamengo","Alex Meschini 15', Dinelson 36', Juninho 40', Rafael Silva 56'p, Wagner 80'; Edílson 2', 73'p, Igor Freire 60'",3,0
374,32,2003-09-24,"Goiás",0,1,"Fortaleza","Sérgio 90+1'",0,3
375,32,2003-09-24,"Paraná",4,2,"São Paulo","Marquinhos 35', Renaldo 59', 71', Fernandinho 78'; Luís Fabiano 31', 41'p",3,0
376,32,2003-09-24,"Paysandu",4,0,"Bahia","Vélber 1', Sandro Luz 8', Lecheva 81'p, Souza 90'",3,0
377,32,2003-09-24,"Vitória",1,1,"Criciúma","Zé Roberto 44'; Alecsandro 17'og",1,1
378,32,2003-09-24,"Grêmio",2,2,"Ponte Preta","Christian Corrêa 14', Élton 79'; Ronildo 17', Darío Gigena 84'",1,1
379,32,2003-09-24,"Atlético-PR",2,1,"Internacional","Dagoberto 78', Alex Mineiro 83'p; Flávio Luiz 24'",3,0
380,32,2003-09-24,"Santos",1,1,"Juventude","William 74'; Índio 9'",1,1
381,32,2003-09-24,"Corinthians",0,1,"Cruzeiro","Maurinho 21'",0,3
382,32,2003-09-25,"Figueirense",2,2,"Fluminense","Bilú 56'p, 82'p; Carlos Alberto Jesus 35', Júnio César 67'",1,1
383,32,2003-09-25,"Vasco da Gama",2,1,"Coritiba","Edmundo 44'p, Danilo Valério 87'; Edu Sales 90+3'p",3,0
384,32,2003-09-25,"Atlético-MG",3,1,"São Caetano","Fábio Júnior 17', Scheidt 32', Luiz Alberto 67'; Somália 15'",3,0
385,33,2003-09-27,"Internacional",1,0,"Santos","Diego Barcellos 70'",3,0
386,33,2003-09-27,"Flamengo",2,1,"Atlético-PR","Rafael 14', Edílson 75'p; Alex Mineiro 64'p",3,0
387,33,2003-09-27,"São Paulo",3,1,"Grêmio","Fábio Simplício 60', Kléber 64', Jean Witte 89'; Ânderson Lima 80'p",3,0
388,33,2003-09-28,"Fluminense",0,1,"Atlético-MG","Lúcio Flávio 10'",0,3
389,33,2003-09-28,"Fortaleza",3,0,"Guarani","Vinícius de Abreu 1', 9', Rena 71'",3,0
390,33,2003-09-28,"Criciúma",1,0,"Goiás","Dejair 18'",3,0
391,33,2003-09-28,"Juventude",6,1,"Corinthians","Neto 19', Leonardo Manzi 38', Hugo 45+1'p, Mineiro 63', Marcelo Pereira 65', Felipe Spellmeier 87'; Jamelli 57'p",3,0
392,33,2003-09-28,"Ponte Preta",2,2,"Vasco da Gama","Rodrigo Costa 1', Darío Gigena 90+1'; Fabiano 42', Edmundo 61'",1,1
393,33,2003-09-28,"Bahia",1,1,"Figueirense","Valdomiro 70'; Sandro Gaúcho 4'",1,1
394,33,2003-09-28,"Cruzeiro",1,0,"Vitória","Mota 47'",3,0
395,33,2003-09-28,"Coritiba",1,0,"Paysandu","Aparecido Lima 39'",3,0
396,33,2003-09-28,"São Caetano",2,0,"Paraná","Warley 75', 88'",3,0
397,34,2003-10-04,"Atlético-PR",0,0,"Fluminense","",1,1
398,34,2003-10-04,"Paysandu",0,0,"Internacional","",1,1
399,34,2003-10-04,"Grêmio",3,1,"Figueirense","Gilberto 26', Christian Corrêa 45', Ânderson Lima 68'p; Fernandinho 43'",3,0
400,34,2003-10-04,"São Caetano",1,0,"Ponte Preta","Marcinho 41'",3,0
401,34,2003-10-04,"São Paulo",1,2,"Santos","Luís Fabiano 66'; William 37', 55'",0,3
402,34,2003-10-05,"Vitória",1,2,"Corinthians","Moreno 4'og; César Belli 41', Gil 80'",0,3
403,34,2003-10-05,"Flamengo",0,3,"Paraná","Fernandinho 55', Renaldo 82'p, Marquinhos 90+2'",0,3
404,34,2003-10-05,"Goiás",3,1,"Bahia","Leandro Smith 38', Marabá 43', Dimba 48'; Jean Carlos Conceição 5'",3,0
405,34,2003-10-05,"Atlético-MG",2,1,"Vasco da Gama","Alex Alves 18', Fábio Júnior 49'; Rodrigo Souto 77'",3,0
406,34,2003-10-05,"Juventude",2,2,"Fortaleza","Hugo 2', 16'p; Messias 40', Finazzi 87'",1,1
407,34,2003-10-05,"Criciúma",1,3,"Cruzeiro","Leonardo 43'; Márcio Oliveira 58', 89', Aristizábal 80'",0,3
408,34,2003-10-05,"Guarani",2,1,"Coritiba","Rafael Silva 23', Alex Meschini 72'; Souza 81'",3,0
409,35,2003-10-08,"Cruzeiro",2,0,"Flamengo","Edu Dracena 49', Alex Alves 80'",3,0
410,35,2003-10-08,"Coritiba",1,0,"Goiás","Alexandre Fávaro 17'",3,0
411,35,2003-10-08,"Bahia",3,0,"São Paulo","Pretto 11', Guto 67', Danilo Vergner 87'",3,0
412,35,2003-10-08,"Santos",1,1,"Guarani","Alex Rodrigo 83'; Ruy 40'",1,1
413,35,2003-10-08,"Ponte Preta",2,2,"Atlético-PR","Marquinhos 28', Rafael Marques 77'; Luciano Santos 9', Ilan 62'",1,1
414,35,2003-10-08,"Vasco da Gama",1,1,"Juventude","Edmundo 22'; Neto 16'",1,1
415,35,2003-10-08,"Corinthians",0,3,"São Caetano","Warley 8', Luís Carlos Capixaba 53', Adhemar 73'",0,3
416,35,2003-10-08,"Fortaleza",2,2,"Grêmio","Richarlysson 33', Ânderson Lima 90'og; Tinga 6', Ânderson Lima 90+1'",1,1
417,35,2003-10-09,"Fluminense",2,0,"Vitória","Lopes 33', Romário 75'",3,0
418,35,2003-10-09,"Paraná",4,2,"Paysandu","Renaldo 9', 40', 50', Cristiano Ávalos 20'; Souza 17', Cristiano 82'",3,0
419,35,2003-10-09,"Figueirense",0,1,"Atlético-MG","Fábio Júnior 53'",0,3
420,35,2003-10-09,"Internacional",2,0,"Criciúma","Nilmar 23', Diego Barcellos 38'",3,0
421,36,2003-10-11,"São Caetano",2,2,"Santos","Marcinho 65', 83'; Robinho 1', Renato Florêncio 81'",1,1
422,36,2003-10-11,"Atlético-PR",2,0,"Coritiba","Ilan 34', 68'",3,0
423,36,2003-10-11,"Guarani",1,3,"Ponte Preta","Wágner 72'; Darío Gigena 64', 68'p, 88'p",0,3
424,36,2003-10-12,"Vitória",2,1,"Bahia","Alexsandro Goiano 32', Samir 80'; Pretto 23'",3,0
425,36,2003-10-12,"Flamengo",2,1,"Vasco da Gama","Rafael 28', Edílson 90+1'; Edmundo 55'",3,0
426,36,2003-10-12,"Goiás",6,1,"Fluminense","Grafite 1', 26, Gil Baiano 35', Fabão 45', Araújo 66', 84'; Romário 60'p",3,0
427,36,2003-10-12,"São Paulo",3,0,"Corinthians","Diego Tardelli 76', Carlos Alberto Silveira 87', Fábio Simplício 90'",3,0
428,36,2003-10-12,"Atlético-MG",0,1,"Cruzeiro","Mota 34'",0,3
429,36,2003-10-12,"Internacional",0,1,"Grêmio","Christian Corrêa",0,3
430,36,2003-10-12,"Juventude",1,1,"Paraná","Leonardo Manzi 71'; Valentim 88'",1,1
431,36,2003-10-12,"Figueirense",4,2,"Criciúma","Luciano Sorriso 34', Fernandinho 48, 78', Márcio Goiano 71'; Dejair 33', Leonardo 79'",3,0
432,36,2003-10-15,"Paysandu",3,0,"Fortaleza","Jóbson 14', Jorginho 35', Vélber 87'",3,0
433,37,2003-10-18,"Grêmio",2,2,"Atlético-MG","Christian Corrêa 2', Roger 54'; Paulinho 26', 43'",1,1
434,37,2003-10-18,"Flamengo",2,0,"Paysandu","Rafael 12', Edílson 72'",3,0
435,37,2003-10-18,"Guarani",2,0,"Fluminense","Rafael Silva 21'p, Rodrigão 83'",3,0
436,37,2003-10-18,"Goiás",3,1,"São Paulo","Grafite 18', Dimba 37'p, 55'; Fábio Simplício 52'",3,0
437,37,2003-10-18,"Coritiba",3,2,"Bahia","Marcel 11', 81', Danilo 63'; Didi 6', Valdomiro 57'",3,0
438,37,2003-10-19,"Corinthians",3,0,"Ponte Preta","Fabinho 31', Marquinhos 37', Gil 77'",3,0
439,37,2003-10-19,"Santos",3,2,"Atlético-PR","Alex Rodrigo 10', Diego Ribas 40'p, Fabiano Costa 51'p; Fernandinho 4', Luciano Santos 56'",3,0
440,37,2003-10-19,"Paraná",4,0,"Internacional","Marquinhos 8', Fernandinho 44', 54', Maurílio 70'",3,0
441,37,2003-10-19,"Criciúma",2,1,"Vasco da Gama","Leonardo 36', Duílio 80'; Beto 48'",3,0
442,37,2003-10-19,"Fortaleza",1,1,"Figueirense","Rena 47'; Márcio Goiano 57'",1,1
443,37,2003-10-19,"Vitória",0,0,"São Caetano","",1,1
444,37,2003-10-19,"Cruzeiro",1,2,"Juventude","Maurinho 32'; Neto 35', Leonardo Inácio 90+1'",0,3
445,38,2003-10-22,"Bahia",4,7,"Santos","Didi 9', 22', Cícero 36', Pretto 51'; Robinho 13', 15', Léo 27', Diego Ribas 63', William 79', Fabiano Costa 90+2'p",0,3
446,38,2003-10-22,"Internacional",1,0,"Cruzeiro","Flávio Luiz 63'p",3,0
447,38,2003-10-22,"Figueirense",0,0,"Flamengo","",1,1
448,38,2003-10-22,"Fluminense",1,0,"Corinthians","Romário 86'",3,0
449,38,2003-10-22,"São Caetano",2,0,"Coritiba","Serginho 6', Adhemar 31'",3,0
450,38,2003-10-22,"Atlético-PR",1,2,"Vitória","played in Londrina] [Thiago 15'; Dudu Cearense 35', Adaílton 44'",0,3
451,38,2003-10-22,"Ponte Preta",0,2,"Goiás","Grafite 42', Araújo 77'",0,3
452,38,2003-10-23,"Paysandu",4,0,"Criciúma","Magnum 64', Jorginho 70', Jóbson 73', Zé Augusto 80'",3,0
453,38,2003-10-23,"Atlético-MG",2,2,"Paraná","Paulinho 27', Fábio Júnior 85'; Renaldo 9'p, 39'",1,1
454,38,2003-10-23,"Juventude",1,2,"Grêmio","Taílson 63'; Christian Corrêa 16', Cládio Pitbull 54'",0,3
455,38,2003-10-23,"Vasco da Gama",1,1,"Fortaleza","played in Manaus] [Valdir Bigode 6'; Rena 34'",1,1
456,38,2003-10-23,"São Paulo",3,3,"Guarani","Luís Fabiano 9', 60'p, Fábio Simplício 11'; Wagner 51', Rafael Silva 53', Rodrigão 90+4'p",1,1
457,39,2003-10-25,"Bahia",2,2,"Fluminense","Jean Carlos Conceição 36', Valdomiro 90+1'; Romário 15', Rodolfo Bispo 45+1'",1,1
458,39,2003-10-25,"Cruzeiro",1,0,"Figueirense","Mota 63'",3,0
459,39,2003-10-25,"Coritiba",0,4,"Santos","Robinho 22', 51', Léo 35', André Luiz Garcia 68'",0,3
460,39,2003-10-25,"Ponte Preta",1,1,"Vitória","Lucas 51'; Dudu Cearense 12'",1,1
461,39,2003-10-26,"Paysandu",1,0,"Atlético-MG","Vélber 6'",3,0
462,39,2003-10-26,"Paraná",3,3,"Vasco da Gama","played in Florianópolis] [Renaldo 3'p, 36'p, Fernandinho 4'; Valdir Bigode 17'p, 27', Morais 50'",1,1
463,39,2003-10-26,"Flamengo",2,1,"Grêmio","Andrezinho 5', Fabiano Eller 70'; Gilberto 34'",3,0
464,39,2003-10-26,"Corinthians",2,3,"Atlético-PR","Coelho 7', 33'; Rogério Corrêa 51', Fabinho 64'p, Douglas Silva 90+2'",0,3
465,39,2003-10-26,"São Caetano",0,1,"São Paulo","Luís Fabiano 46'p",0,3
466,39,2003-10-26,"Criciúma",2,2,"Fortaleza","Paulo César Souza 22', Dejair 54'; Chiquinho 31', Clodoaldo 85'",1,1
467,39,2003-10-26,"Internacional",0,0,"Juventude","",1,1
468,39,2003-10-26,"Goiás",3,0,"Guarani","Leandro Smith 28', Dimba 39', Marabá",3,0
469,40,2003-11-01,"Fluminense",2,2,"Ponte Preta","Marcelo Macedo 47', Júnio César 82'; Valdir Lucas 63', Darío Gigena 78'",1,1
470,40,2003-11-01,"Atlético-MG",1,1,"Criciúma","Lúcio Flávio 90+4'p; Dejair 29'",1,1
471,40,2003-11-01,"Grêmio",0,2,"Paraná","Fernando Miguel 3', Renaldo 16'",0,3
472,40,2003-11-01,"Atlético-PR",1,0,"São Caetano","Jadson 68'",3,0
473,40,2003-11-01,"Guarani",3,2,"Bahia","Rafael Silva 45', Wagner 46', 55'p; Bruno Quadros 27'og, Luiz Alberto 80'",3,0
474,40,2003-11-02,"São Paulo",1,0,"Coritiba","Luís Fabiano 57'",3,0
475,40,2003-11-02,"Fortaleza",1,2,"Cruzeiro","Chiquinho 58'; Thiago Gösling 40', Richarlyson 48'og",0,3
476,40,2003-11-02,"Vasco da Gama",0,1,"Internacional","played in Aracaju] [Diego Gavilán 32'",0,3
477,40,2003-11-02,"Figueirense",6,0,"Paysandu","Cléber 7', William Fabro 16', Fernandinho 48', 69', Edmílson 52', Sandro Gaúcho 79'",3,0
478,40,2003-11-02,"Vitória",3,4,"Goiás","Zé Roberto 19', Dudu Cearense 22', Alecsandro 29'; Grafite 47', 62', Dimba 52'p, 75'",0,3
479,40,2003-11-02,"Santos",3,1,"Corinthians","Robinho 40', Pereira 59', Fabiano Costa 71'; Fabrício 29'",3,0
480,40,2003-11-02,"Juventude",2,2,"Flamengo","Rafael Ledesma 51', Dante 75'; Edílson 42', André Gomes 74'",1,1
481,41,2003-11-05,"Paraná",1,1,"Figueirense","played in Londrina] [Renaldo 42'p; Bilu 51'",1,1
482,41,2003-11-05,"Paysandu",1,2,"Vasco da Gama","Sandro Luz 82'p; Valdir Bigode 30'p, Anderson Costa 62'",0,3
483,41,2003-11-05,"Juventude",3,1,"Criciúma","Renato 15', Taílson 24', Marcelo Pereira 68'p; Paulo César Souza 55'",3,0
484,41,2003-11-05,"Internacional",1,1,"Fortaleza","Diego Gavilán 60'; Chiquinho 17'",1,1
485,41,2003-11-05,"Cruzeiro",3,0,"Grêmio","Wendell 27', Alex 29', Mota 40'",3,0
486,41,2003-11-05,"Coritiba",1,0,"Corinthians","Maurinho 62'",3,0
487,41,2003-11-05,"Santos",3,1,"Vitória","Alex Rodrigo 63', Jerri 66', Fabiano Costa 82'; Alecsandro 60'",3,0
488,41,2003-11-05,"São Paulo",1,0,"Fluminense","Luís Fabiano 90+3'",3,0
489,41,2003-11-06,"Guarani",0,1,"São Caetano","Zé Carlos 72'",0,3
490,41,2003-11-06,"Bahia",1,0,"Ponte Preta","Didi 70'",3,0
491,41,2003-11-06,"Goiás",4,1,"Atlético-PR","Grafite 34', Dimba 41', 44', Araújo 80'; Fabão 70'og",3,0
492,41,2003-11-06,"Flamengo",3,2,"Atlético-MG","Edílson 12'p, Jônatas Domingos 83', Zé Carlos 90+1'; Michel 13', Fábio Júnior 20'",3,0
493,42,2003-11-08,"Criciúma",1,2,"Paraná","played in Florianópolis] [Dejair 16'; Ageu 41', Renaldo 70'p",0,3
494,42,2003-11-08,"Grêmio",2,0,"Paysandu","George Lucas 62', Gilberto 88'",3,0
495,42,2003-11-08,"Fluminense",3,2,"Coritiba","Romário 10', 90+3', Alex Oliveira 88'; Marcel 43'p, Aparecido Lima 71'",3,0
496,42,2003-11-09,"Vitória",0,0,"Guarani","",1,1
497,42,2003-11-09,"Figueirense",2,1,"Juventude","Bilu 23', Rodrigo 74'; Raone 21'",3,0
498,42,2003-11-09,"Ponte Preta",3,4,"Santos","Rodrigo Costa 9', Jean Carlos 33', Luizinho Vieira 75'; Elano 23', Diego Ribas 45+1', 61', Renato Florêncio 77'",0,3
499,42,2003-11-09,"Fortaleza",4,1,"Flamengo","Rena 5', 87', Mazinho Loyola 44', Vinícius Abreu 83'p; André Gomes 41'",3,0
500,42,2003-11-09,"Vasco da Gama",0,1,"Cruzeiro","played in Campo Grande] [Márcio Nobre 53'",0,3
501,42,2003-11-09,"Corinthians",2,0,"Goiás","Jamelli 11', Gil 20'",3,0
502,42,2003-11-09,"Atlético-PR",4,3,"São Paulo","Fernandinho 36'p, 45+1', Adriano Vieira 50', Jadson 77'; Luís Fabiano 52', Diego Lugano 72', Diego Tardelli 65'",3,0
503,42,2003-11-09,"Atlético-MG",1,2,"Internacional","Paulinho 62'; Nilmar 5', 14'",0,3
504,42,2003-11-09,"São Caetano",4,1,"Bahia","Somália 5', Adhemar 39', Tiago 41', Mateus 90'; Didi 71'",3,0
505,43,2003-11-22,"Grêmio",4,3,"Vasco da Gama","Gilberto 10', 41', Cláudio Pitbull 46', Élton 80'; Edmundo 13', Morais 37', Victor Boleta 88'",3,0
506,43,2003-11-22,"Flamengo",1,0,"Criciúma","Jônatas Domingos 90+3'",3,0
507,43,2003-11-22,"Coritiba",1,1,"Ponte Preta","Edu Salles 81'; Adrianinho 9'p",1,1
508,43,2003-11-22,"Figueirense",3,2,"Internacional","William Fabro 16', Fernandinho 24', 41'; Vinícius 47', 74'",3,0
509,43,2003-11-22,"Atlético-MG",2,0,"Fortaleza","played in Ipatinga] [Alex Alves 22', Enrico 90+2'",3,0
510,43,2003-11-23,"Santos",3,1,"Fluminense","Diego Ribas 50', Alex Rodrigo 52', Fabiano Souza 57'; Esquerdinha 47'",3,0
511,43,2003-11-23,"São Paulo",3,1,"Vitória","Diego Tardelli 30', Willamis Souza 40', Fábio Simplício 83'; Alecsandro 21'",3,0
512,43,2003-11-23,"Paraná",1,3,"Cruzeiro","Everton Cavalcante 84'; Aristizábal 37', Wendell 67', Márcio Nobre 83'",0,3
513,43,2003-11-23,"São Caetano",1,0,"Goiás","Somália 22'",3,0
514,43,2003-11-23,"Guarani",0,1,"Corinthians","Fabrício 19'",0,3
515,43,2003-11-23,"Paysandu",3,2,"Juventude","Souza 20', Magnum 46', Aldrovani 71'; Neto 51', Raone 66'",3,0
516,43,2003-11-23,"Bahia",0,2,"Atlético-PR","Alex Mineiro 25', Marcelo Souza 89'og",0,3
517,44,2003-11-29,"Vasco da Gama",1,0,"Figueirense","Henrique Peixoto 90'",3,0
518,44,2003-11-29,"Juventude",1,0,"Atlético-MG","Índio 79'",3,0
519,44,2003-11-29,"Fluminense",2,1,"São Caetano","Marcelo Macedo 59', Romário 77'p; Warley 75'",3,0
520,44,2003-11-29,"Internacional",3,1,"Flamengo","Diego Barcellos 18', Jefferson Feijão 25', Diego Gavilán 37'; Rafael 55'",3,0
521,44,2003-11-29,"Atlético-PR",3,1,"Guarani","Adriano Vieira 42', 73', Jadson 90+2'; Leandro Guerreiro 76'",3,0
522,44,2003-11-30,"Cruzeiro",2,1,"Paysandu","CHAMPIONSHIP MATCH] [Zinho 7', Mota 73'; Aldrovani 90'",3,0
523,44,2003-11-30,"Corinthians",1,2,"Bahia","Wilson 22'; Didi 47', Pretto 76'p",0,3
524,44,2003-11-30,"Goiás",3,0,"Santos","Grafite 38', Pereira 53'og, Dimba 85'",3,0
525,44,2003-11-30,"Ponte Preta",1,2,"São Paulo","Luís Carlos 48'; Gabriel 58', Willamis Souza 74'",0,3
526,44,2003-11-30,"Fortaleza",5,3,"Paraná","Mazinho Loyola 1', 59', Vinícius Abreu 30'p, Rena 40', Fernandão 54'; Renaldo 56', 82'p, Caio 63'",3,0
527,44,2003-11-30,"Vitória",1,0,"Coritiba","Robson Luís 55'",3,0
528,44,2003-11-30,"Criciúma",0,2,"Grêmio","George Lucas 41', Christian Corrêa 66'",0,3
529,45,2003-12-06,"Goiás",0,3,"Figueirense","Fernandinho 56', Danilo Santos 78', 90+1'",0,3
530,45,2003-12-06,"Vitória",0,1,"Atlético-MG","Quirino 88'",0,3
531,45,2003-12-06,"Atlético-PR",2,2,"Vasco da Gama","Adriano Vieira 45+2', 75'; Morais 60', Wecsley 77'",1,1
532,45,2003-12-06,"Corinthians",1,1,"Paraná","Carlos Renato 9'; Marquinhos 31'",1,1
533,45,2003-12-07,"Guarani",2,1,"Paysandu","Wagner 12', Gílson 26'; Magnum 15'",3,0
534,45,2003-12-07,"Cruzeiro",5,2,"Fluminense","Mota 48', Alex 61', 77', Márcio Nobre 70', Zinho 89'; Rodolfo Bispo 24', Jadílson 78'",3,0
535,45,2003-12-07,"Fortaleza",2,2,"Coritiba","Daniel 78', Rena 90'; Alexandre Fávaro 28', Marcel 55'",1,1
536,45,2003-12-07,"Internacional",1,1,"São Paulo","Cidmar 84'; Diego Tardelli 15'",1,1
537,45,2003-12-07,"Flamengo",1,1,"Ponte Preta","Felipe Loureiro 28'; Rafael Ueta 36'p",1,1
538,45,2003-12-07,"Criciúma",3,2,"Bahia","Paulo César Baier 17'p, Rômulo 51', Léo Oliveira 80'; Danilo Vergner 12', Pretto 46'",3,0
539,45,2003-12-07,"Santos",2,2,"Grêmio","Alex Rodrigo 45', Diego Ribas 71'; Christian Corrêa 41', Bruno 63'",1,1
540,45,2003-12-07,"Juventude",2,1,"São Caetano","Marcelo Pereira 4', Felipe Spellmeier 58'; Somália 72'",3,0
541,46,2003-12-13,"Figueirense",2,0,"Guarani","Danilo 4'p, 62'",3,0
542,46,2003-12-13,"Paraná",2,0,"Vitória","Fernando Miguel 15', Renaldo 38'",3,0
543,46,2003-12-13,"São Caetano",5,0,"Internacional","Zé Carlos 35', Somália 59', 74', Warley 79', Adhemar 84'",3,0
544,46,2003-12-13,"Coritiba",2,0,"Criciúma","Marcel 36'p, Aparecido Lima 60'",3,0
545,46,2003-12-13,"Atlético-MG",3,2,"Goiás","Renato 8', Luiz Alberto 48', Alex 69'; Fabão 22', Dimba 64'p",3,0
546,46,2003-12-14,"São Paulo",1,3,"Flamengo","Diego Tardelli 12'; Rafael 43', Edílson 46', 66'",0,3
547,46,2003-12-14,"Vasco da Gama",1,1,"Santos","Régis Pitbull 53'; Fabiano Costa 83'p",1,1
548,46,2003-12-14,"Fluminense",1,0,"Juventude","Marcelo Macedo 43'",3,0
549,46,2003-12-14,"Grêmio",3,0,"Corinthians","George Lucas 20', Bruno 59', Ânderson Lima 83'",3,0
550,46,2003-12-14,"Paysandu",2,2,"Atlético-PR","Souza 8', Jóbson 16'; Alex Mineiro 39', Jadson 45+1'",1,1
551,46,2003-12-14,"Ponte Preta",2,0,"Fortaleza","Gerson 12', Adrianinho 70'",3,0
552,46,2003-12-14,"Bahia",0,7,"Cruzeiro","Alex 13'p, 17'p, 23'p, 38'p, 66', Felipe Mello 55', Mota 68'",0,3
